{
    "Train Accuracy": 0.9990443532520097,
    "Test Accuracy": 0.7911186059584036
}